[
    {
        "رقم الهوية": "1234567890",
        "اسم الساكن": "د. أحمد محمد علي",
        "حالة": "فعال",
        "تاريخ الملصق": "2025-01-15",
        "رقم لوحة السيارة": "ر ق ل 1234",
        "نوع المركبة": "سيدان",
        "نوع الوحدة": "فلة",
        "المبنى": "15",
        "شقة": "25",
        "ملاحظات": "ملصق جديد"
    },
    {
        "رقم الهوية": "9876543210",
        "اسم الساكن": "د. فاطمة أحمد",
        "حالة": "فعال",
        "تاريخ الملصق": "2025-01-20",
        "رقم لوحة السيارة": "ر ق ل 5678",
        "نوع المركبة": "SUV",
        "نوع الوحدة": "شقة",
        "المبنى": "8",
        "شقة": "45",
        "ملاحظات": "تجديد ملصق"
    },
    {
        "رقم الهوية": "5555555555",
        "اسم الساكن": "د. محمد سعد",
        "حالة": "غير فعال",
        "تاريخ الملصق": "2024-12-01",
        "رقم لوحة السيارة": "ر ق ل 9999",
        "نوع المركبة": "هاتشباك",
        "نوع الوحدة": "فلة",
        "المبنى": "12",
        "شقة": "10",
        "ملاحظات": "منتهي الصلاحية"
    },
    {
        "رقم الهوية": "1111111111",
        "اسم الساكن": "د. سارة خالد",
        "حالة": "فعال",
        "تاريخ الملصق": "2025-02-01",
        "رقم لوحة السيارة": "ر ق ل 2222",
        "نوع المركبة": "سيدان",
        "نوع الوحدة": "شقة",
        "المبنى": "5",
        "شقة": "32",
        "ملاحظات": ""
    },
    {
        "رقم الهوية": "2222222222",
        "اسم الساكن": "د. عبدالله محمود",
        "حالة": "فعال",
        "تاريخ الملصق": "2025-01-25",
        "رقم لوحة السيارة": "ر ق ل 3333",
        "نوع المركبة": "دفع رباعي",
        "نوع الوحدة": "فلة",
        "المبنى": "20",
        "شقة": "1",
        "ملاحظات": ""
    },
    {
        "رقم الهوية": "3333333333",
        "اسم الساكن": "د. نورة عبدالرحمن",
        "حالة": "ملغي",
        "تاريخ الملصق": "2024-11-15",
        "رقم لوحة السيارة": "ر ق ل 4444",
        "نوع المركبة": "سيدان",
        "نوع الوحدة": "شقة",
        "المبنى": "7",
        "شقة": "18",
        "ملاحظات": "تم إلغاء الملصق بناءً على طلب الساكن"
    },
    {
        "رقم الهوية": "4444444444",
        "اسم الساكن": "د. خالد سعيد",
        "حالة": "فعال",
        "تاريخ الملصق": "2025-01-10",
        "رقم لوحة السيارة": "ر ق ل 5555",
        "نوع المركبة": "كروس أوفر",
        "نوع الوحدة": "فلة",
        "المبنى": "18",
        "شقة": "5",
        "ملاحظات": ""
    },
    {
        "رقم الهوية": "6666666666",
        "اسم الساكن": "د. منى أحمد",
        "حالة": "مخالفة",
        "تاريخ الملصق": "2024-10-20",
        "رقم لوحة السيارة": "ر ق ل 6666",
        "نوع المركبة": "سيدان",
        "نوع الوحدة": "شقة",
        "المبنى": "3",
        "شقة": "12",
        "ملاحظات": "تم تسجيل مخالفة مرورية"
    },
    {
        "رقم الهوية": "7777777777",
        "اسم الساكن": "د. يوسف حسن",
        "حالة": "فعال",
        "تاريخ الملصق": "2025-01-28",
        "رقم لوحة السيارة": "ر ق ل 7777",
        "نوع المركبة": "بيك أب",
        "نوع الوحدة": "فلة",
        "المبنى": "22",
        "شقة": "8",
        "ملاحظات": ""
    },
    {
        "رقم الهوية": "8888888888",
        "اسم الساكن": "د. هدى محمد",
        "حالة": "فعال",
        "تاريخ الملصق": "2025-02-05",
        "رقم لوحة السيارة": "ر ق ل 8888",
        "نوع المركبة": "SUV",
        "نوع الوحدة": "شقة",
        "المبنى": "11",
        "شقة": "27",
        "ملاحظات": ""
    }
]
